finding_group_id,tools,target,cwe,severity,location,description,verdict,confidence,ground_truth_match,tool_count
GRP-vulnpy--001,pip-audit,vulnpy,,medium,aiohttp@3.10.11,"### Summary The Python parser is vulnerable to a request smuggling vulnerability due to not parsing trailer sections of an HTTP request. ### Impact If a pure Python version of aiohttp is installed (i.e. without the usual C extensions) or AIOHTTP_NO_EXTENSIONS is enabled, then an attacker may be able to execute a request smuggling attack to bypass certain firewalls or proxy protections. ---- Patch: https://github.com/aio-libs/aiohttp/commit/e8d774f635dc6d1cd3174d0e38891da5de0e2b6a",pending,low,no,1
GRP-vulnpy--002,pip-audit,vulnpy,,medium,waitress@2.0.0,"Waitress is a Web Server Gateway Interface server for Python 2 and 3. When using Waitress versions 2.1.0 and prior behind a proxy that does not properly validate the incoming HTTP request matches the RFC7230 standard, Waitress and the frontend proxy may disagree on where one request starts and where it ends. This would allow requests to be smuggled via the front-end proxy to waitress and later behavior. There are two classes of vulnerability that may lead to request smuggling that are addressed by this advisory: The use of Python's `int()` to parse strings into integers, leading to `+10` to be parsed as `10`, or `0x01` to be parsed as `1`, where as the standard specifies that the string should contain only digits or hex digits; and Waitress does not support chunk extensions, however it was discarding them without validating that they did not contain illegal characters. This vulnerability has been patched in Waitress 2.1.1. A workaround is available. When deploying a proxy in front of waitress, turning on any and all functionality to make sure that the request matches the RFC7230 standard. Certain proxy servers may not have this functionality though and users are encouraged to upgrade to the latest version of waitress instead.",pending,low,no,1
GRP-vulnpy--003,pip-audit,vulnpy,,medium,gunicorn@20.1.0,"Gunicorn fails to properly validate Transfer-Encoding headers, leading to HTTP Request Smuggling (HRS) vulnerabilities. By crafting requests with conflicting Transfer-Encoding headers, attackers can bypass security restrictions and access restricted endpoints. This issue is due to Gunicorn's handling of Transfer-Encoding headers, where it incorrectly processes requests with multiple, conflicting Transfer-Encoding headers, treating them as chunked regardless of the final encoding specified. This vulnerability has been shown to allow access to endpoints restricted by gunicorn. This issue has been addressed in version 22.0.0. To be affected users must have a network path which does not filter out invalid requests. These users are advised to block access to restricted endpoints via a firewall or other mechanism if they are unable to update.",pending,low,no,1
GRP-vulnpy--004,trivy,vulnpy,,low,bash@5.2.37-2+b7,[Privilege escalation possible to other user than root],pending,low,no,1
GRP-vulnpy--005,trivy,vulnpy,,low,bsdutils@1:2.41-5,util-linux: util-linux: Access control bypass due to improper hostname canonicalization,pending,low,no,1
GRP-vulnpy--006,trivy,vulnpy,,low,curl@8.14.1-2+deb13u2,curl: Curl missing SFTP host verification with wolfSSH backend,pending,low,no,1
GRP-vulnpy--007,trivy,vulnpy,,low,libblkid1@2.41-5,util-linux: util-linux: Access control bypass due to improper hostname canonicalization,pending,low,no,1
GRP-vulnpy--008,trivy,vulnpy,,low,libc-bin@2.41-12+deb13u1,glibc: running ldd on malicious ELF leads to code execution because of wrong size computation,pending,low,no,1
GRP-vulnpy--009,trivy,vulnpy,,low,libc6@2.41-12+deb13u1,glibc: running ldd on malicious ELF leads to code execution because of wrong size computation,pending,low,no,1
GRP-vulnpy--010,trivy,vulnpy,,low,libcurl3t64-gnutls@8.14.1-2+deb13u2,curl: Curl missing SFTP host verification with wolfSSH backend,pending,low,no,1
GRP-vulnpy--011,trivy,vulnpy,,low,libcurl4t64@8.14.1-2+deb13u2,curl: Curl missing SFTP host verification with wolfSSH backend,pending,low,no,1
GRP-vulnpy--012,trivy,vulnpy,,low,liblastlog2-2@2.41-5,util-linux: util-linux: Access control bypass due to improper hostname canonicalization,pending,low,no,1
GRP-vulnpy--013,trivy,vulnpy,,low,libldap2@2.6.10+dfsg-1,openldap: incorrect multi-keyword mode cipherstring parsing,pending,low,no,1
GRP-vulnpy--014,trivy,vulnpy,,low,libmount1@2.41-5,util-linux: util-linux: Access control bypass due to improper hostname canonicalization,pending,low,no,1
GRP-vulnpy--015,trivy,vulnpy,,low,libsmartcols1@2.41-5,util-linux: util-linux: Access control bypass due to improper hostname canonicalization,pending,low,no,1
GRP-vulnpy--016,trivy,vulnpy,,low,libuuid1@2.41-5,util-linux: util-linux: Access control bypass due to improper hostname canonicalization,pending,low,no,1
GRP-vulnpy--017,trivy,vulnpy,,low,login@1:4.16.0-2+really2.41-5,util-linux: util-linux: Access control bypass due to improper hostname canonicalization,pending,low,no,1
GRP-vulnpy--018,trivy,vulnpy,,low,login.defs@1:4.17.4-2,[more related to CVE-2005-4890],pending,low,no,1
GRP-vulnpy--019,trivy,vulnpy,,low,mount@2.41-5,util-linux: util-linux: Access control bypass due to improper hostname canonicalization,pending,low,no,1
GRP-vulnpy--020,trivy,vulnpy,,low,passwd@1:4.17.4-2,[more related to CVE-2005-4890],pending,low,no,1
GRP-vulnpy--021,trivy,vulnpy,,low,sysvinit-utils@3.14-4,[sysvinit: no-root option in expert installer exposes locally exploitable security flaw],pending,low,no,1
GRP-vulnpy--022,trivy,vulnpy,,low,tar@1.35+dfsg-3.1,tar: does not properly warn the user when extracting setuid or setgid files,pending,low,no,1
GRP-vulnpy--023,trivy,vulnpy,,low,util-linux@2.41-5,util-linux: util-linux: Access control bypass due to improper hostname canonicalization,pending,low,no,1
GRP-vulnpy--024,trivy,vulnpy,,medium,pip@23.0.1,pip: pip missing checks on symbolic link extraction,pending,low,no,1
GRP-vulnpy--025,checkov,vulnpy,,medium,/vulnpy/Dockerfile:/vulnpy/Dockerfile.,CKV_DOCKER_2: https://docs.prismacloud.io/en/enterprise-edition/policy-reference/docker-policies/docker-policy-index/ensure-that-healthcheck-instructions-have-been-added-to-container-images,pending,low,no,1
GRP-vulnpy-CWE-1021-026,zap,vulnpy,CWE-1021,medium,http://host.docker.internal:5050,Missing Anti-clickjacking Header,pending,low,no,1
GRP-vulnpy-CWE-116-027,trivy,vulnpy,CWE-116,low,git@1:2.47.3-0+deb13u1,git: The sideband payload is passed unfiltered to the terminal in git,pending,low,no,1
GRP-vulnpy-CWE-116-028,trivy,vulnpy,CWE-116,low,git-man@1:2.47.3-0+deb13u1,git: The sideband payload is passed unfiltered to the terminal in git,pending,low,no,1
GRP-vulnpy-CWE-1188-029,trivy,vulnpy,CWE-1188,low,login.defs@1:4.17.4-2,shadow-utils: Default subordinate ID configuration in /etc/login.defs could lead to compromise,pending,low,no,1
GRP-vulnpy-CWE-1188-030,trivy,vulnpy,CWE-1188,low,passwd@1:4.17.4-2,shadow-utils: Default subordinate ID configuration in /etc/login.defs could lead to compromise,pending,low,no,1
GRP-vulnpy-CWE-119-031,trivy,vulnpy,CWE-119,low,libc-bin@2.41-12+deb13u1,glibc: stack guard protection bypass,pending,low,no,1
GRP-vulnpy-CWE-119-032,trivy,vulnpy,CWE-119,low,libc6@2.41-12+deb13u1,glibc: stack guard protection bypass,pending,low,no,1
GRP-vulnpy-CWE-119-033,trivy,vulnpy,CWE-119,low,libldap2@2.6.10+dfsg-1,openldap: contrib/slapd-modules/nops/nops.c attempts to free stack buffer allowing remote attackers to cause a denial of service,pending,low,no,1
GRP-vulnpy-CWE-119-034,trivy,vulnpy,CWE-119,low,libncursesw6@6.5+20250216-2,gnu-ncurses: ncurses Stack Buffer Overflow,pending,low,no,1
GRP-vulnpy-CWE-119-035,trivy,vulnpy,CWE-119,low,libtinfo6@6.5+20250216-2,gnu-ncurses: ncurses Stack Buffer Overflow,pending,low,no,1
GRP-vulnpy-CWE-119-036,trivy,vulnpy,CWE-119,low,ncurses-base@6.5+20250216-2,gnu-ncurses: ncurses Stack Buffer Overflow,pending,low,no,1
GRP-vulnpy-CWE-119-037,trivy,vulnpy,CWE-119,low,ncurses-bin@6.5+20250216-2,gnu-ncurses: ncurses Stack Buffer Overflow,pending,low,no,1
GRP-vulnpy-CWE-121-038,trivy,vulnpy,CWE-121,low,coreutils@9.7-3,coreutils: Heap Buffer Under-Read in GNU Coreutils sort via Key Specification,pending,low,no,1
GRP-vulnpy-CWE-125-039,trivy,vulnpy,CWE-125,medium,bsdutils@1:2.41-5,util-linux: util-linux: Heap buffer overread in setpwnam() when processing 256-byte usernames,pending,low,no,1
GRP-vulnpy-CWE-125-040,trivy,vulnpy,CWE-125,medium,libblkid1@2.41-5,util-linux: util-linux: Heap buffer overread in setpwnam() when processing 256-byte usernames,pending,low,no,1
GRP-vulnpy-CWE-125-041,trivy,vulnpy,CWE-125,medium,liblastlog2-2@2.41-5,util-linux: util-linux: Heap buffer overread in setpwnam() when processing 256-byte usernames,pending,low,no,1
GRP-vulnpy-CWE-125-042,trivy,vulnpy,CWE-125,low,libldap2@2.6.10+dfsg-1,OpenLDAP: OpenLDAP LMDB: Denial of Service and Information Disclosure via Heap Buffer Underflow,pending,low,no,1
GRP-vulnpy-CWE-125-043,trivy,vulnpy,CWE-125,medium,libmount1@2.41-5,util-linux: util-linux: Heap buffer overread in setpwnam() when processing 256-byte usernames,pending,low,no,1
GRP-vulnpy-CWE-125-044,trivy,vulnpy,CWE-125,medium,libsmartcols1@2.41-5,util-linux: util-linux: Heap buffer overread in setpwnam() when processing 256-byte usernames,pending,low,no,1
GRP-vulnpy-CWE-125-045,trivy,vulnpy,CWE-125,medium,libuuid1@2.41-5,util-linux: util-linux: Heap buffer overread in setpwnam() when processing 256-byte usernames,pending,low,no,1
GRP-vulnpy-CWE-125-046,trivy,vulnpy,CWE-125,medium,login@1:4.16.0-2+really2.41-5,util-linux: util-linux: Heap buffer overread in setpwnam() when processing 256-byte usernames,pending,low,no,1
GRP-vulnpy-CWE-125-047,trivy,vulnpy,CWE-125,medium,mount@2.41-5,util-linux: util-linux: Heap buffer overread in setpwnam() when processing 256-byte usernames,pending,low,no,1
GRP-vulnpy-CWE-125-048,trivy,vulnpy,CWE-125,medium,util-linux@2.41-5,util-linux: util-linux: Heap buffer overread in setpwnam() when processing 256-byte usernames,pending,low,no,1
GRP-vulnpy-CWE-1284-049,trivy,vulnpy,CWE-1284,medium,zlib1g@1:1.3.dfsg+really1.3.1-1+b1,zlib: zlib: Denial of Service via infinite loop in CRC32 combine functions,pending,low,no,1
GRP-vulnpy-CWE-1295-050,zap,vulnpy,CWE-1295,low,http://host.docker.internal:5050/vulnpy/deserialization/pickle-load/?user_input=ZAP,Information Disclosure - Debug Error Messages,pending,low,no,1
GRP-vulnpy-CWE-190-051,trivy,vulnpy,CWE-190,high,libc-bin@2.41-12+deb13u1,glibc: Integer overflow in memalign leads to heap corruption,pending,low,no,1
GRP-vulnpy-CWE-190-052,trivy,vulnpy,CWE-190,high,libc6@2.41-12+deb13u1,glibc: Integer overflow in memalign leads to heap corruption,pending,low,no,1
GRP-vulnpy-CWE-190-053,trivy,vulnpy,CWE-190,medium,libexpat1@2.7.1-2,libexpat: libexpat: Information disclosure and data integrity issues due to integer overflow in buffer reallocation,pending,low,no,1
GRP-vulnpy-CWE-190-054,trivy,vulnpy,CWE-190,low,libgssapi-krb5-2@1.21.3-5,krb5: integer overflow in dbentry->n_key_data in kadmin/dbutil/dump.c,pending,low,no,1
GRP-vulnpy-CWE-190-055,trivy,vulnpy,CWE-190,low,libk5crypto3@1.21.3-5,krb5: integer overflow in dbentry->n_key_data in kadmin/dbutil/dump.c,pending,low,no,1
GRP-vulnpy-CWE-190-056,trivy,vulnpy,CWE-190,low,libkrb5-3@1.21.3-5,krb5: integer overflow in dbentry->n_key_data in kadmin/dbutil/dump.c,pending,low,no,1
GRP-vulnpy-CWE-190-057,trivy,vulnpy,CWE-190,low,libkrb5support0@1.21.3-5,krb5: integer overflow in dbentry->n_key_data in kadmin/dbutil/dump.c,pending,low,no,1
GRP-vulnpy-CWE-190-058,trivy,vulnpy,CWE-190,medium,libsqlite3-0@3.46.1-7,An integer overflow exists in the FTS5 https://sqlite.org/fts5.html e ...,pending,low,no,1
GRP-vulnpy-CWE-20-059,trivy,vulnpy,CWE-20,low,git@1:2.47.3-0+deb13u1,"git: client prints server-sent ANSI escape codes to the terminal, allowing for unverified messages to potentially execute arbitrary commands",pending,low,no,1
GRP-vulnpy-CWE-20-060,trivy,vulnpy,CWE-20,low,git-man@1:2.47.3-0+deb13u1,"git: client prints server-sent ANSI escape codes to the terminal, allowing for unverified messages to potentially execute arbitrary commands",pending,low,no,1
GRP-vulnpy-CWE-20-061,bandit,vulnpy,CWE-20,info,sources/vulnpy/src/vulnpy/trigger/deserialization.py:17,Use of unsafe yaml load. Allows instantiation of arbitrary objects. Consider yaml.safe_load().,pending,low,no,1
GRP-vulnpy-CWE-20-062,bandit,vulnpy,CWE-20,info,sources/vulnpy/src/vulnpy/trigger/xpath.py:2,"Using xml.etree.ElementTree to parse untrusted XML data is known to be vulnerable to XML attacks. Replace xml.etree.ElementTree with the equivalent defusedxml package, or make sure defusedxml.defuse_stdlib() is called.",pending,low,no,1
GRP-vulnpy-CWE-20-063,bandit,vulnpy,CWE-20,info,sources/vulnpy/src/vulnpy/trigger/xxe.py:2,"Using pulldom to parse untrusted XML data is known to be vulnerable to XML attacks. Replace pulldom with the equivalent defusedxml package, or make sure defusedxml.defuse_stdlib() is called.",pending,low,no,1
GRP-vulnpy-CWE-200-064,trivy,vulnpy,CWE-200,low,libc-bin@2.41-12+deb13u1,glibc: ASLR bypass using cache of thread stack and heap,pending,low,no,1
GRP-vulnpy-CWE-200-065,trivy,vulnpy,CWE-200,low,libc6@2.41-12+deb13u1,glibc: ASLR bypass using cache of thread stack and heap,pending,low,no,1
GRP-vulnpy-CWE-209-066,trivy,vulnpy,CWE-209,low,bsdutils@1:2.41-5,util-linux: partial disclosure of arbitrary files in chfn and chsh when compiled with libreadline,pending,low,no,1
GRP-vulnpy-CWE-209-067,trivy,vulnpy,CWE-209,low,libblkid1@2.41-5,util-linux: partial disclosure of arbitrary files in chfn and chsh when compiled with libreadline,pending,low,no,1
GRP-vulnpy-CWE-209-068,trivy,vulnpy,CWE-209,low,liblastlog2-2@2.41-5,util-linux: partial disclosure of arbitrary files in chfn and chsh when compiled with libreadline,pending,low,no,1
GRP-vulnpy-CWE-209-069,trivy,vulnpy,CWE-209,low,libmount1@2.41-5,util-linux: partial disclosure of arbitrary files in chfn and chsh when compiled with libreadline,pending,low,no,1
GRP-vulnpy-CWE-209-070,trivy,vulnpy,CWE-209,low,libsmartcols1@2.41-5,util-linux: partial disclosure of arbitrary files in chfn and chsh when compiled with libreadline,pending,low,no,1
GRP-vulnpy-CWE-209-071,trivy,vulnpy,CWE-209,low,libuuid1@2.41-5,util-linux: partial disclosure of arbitrary files in chfn and chsh when compiled with libreadline,pending,low,no,1
GRP-vulnpy-CWE-209-072,trivy,vulnpy,CWE-209,low,login@1:4.16.0-2+really2.41-5,util-linux: partial disclosure of arbitrary files in chfn and chsh when compiled with libreadline,pending,low,no,1
GRP-vulnpy-CWE-209-073,trivy,vulnpy,CWE-209,low,mount@2.41-5,util-linux: partial disclosure of arbitrary files in chfn and chsh when compiled with libreadline,pending,low,no,1
GRP-vulnpy-CWE-209-074,trivy,vulnpy,CWE-209,low,util-linux@2.41-5,util-linux: partial disclosure of arbitrary files in chfn and chsh when compiled with libreadline,pending,low,no,1
GRP-vulnpy-CWE-22-075,trivy,vulnpy,CWE-22,high,jaraco.context@5.3.0,jaraco.context: jaraco.context: Path traversal via malicious tar archives,TP,medium,yes,1
GRP-vulnpy-CWE-22-076,trivy,vulnpy,CWE-22,low,pip@23.0.1,pip: pip: Information disclosure via path traversal when installing crafted wheel archives,TP,medium,yes,1
GRP-vulnpy-CWE-22-077,trivy,vulnpy,CWE-22,high,wheel@0.45.1,wheel: wheel: Privilege Escalation or Arbitrary Code Execution via malicious wheel file unpacking,TP,medium,yes,1
GRP-vulnpy-CWE-22-078,bearer,vulnpy,CWE-22,info,src/vulnpy/common/templating.py:26,"## Description Using unsanitized dynamic input to determine file paths can allow attackers to gain access to files and folders outside of the intended scope. This vulnerability occurs when input provided by users is directly used to access the filesystem without proper validation or sanitization. ## Remediations - **Do not** directly use external input to construct file paths. This can lead to unauthorized file access. - **Do** use a safelist to define accessible paths or directories. Only allow user input to influence file paths within these predefined, safe boundaries. - **Do** use absolute path checks to confirm that the constructed path is within the expected directory ```python BASE_DIRECTORY = '/path/to/safe/directory' my_path = os.path.abspath(os.path.join(BASE_DIRECTORY, dynamic_input)) if my_path.startswith(BASE_DIRECTORY): open(my_path) ``` ## References - [OWASP Path Traversal](https://owasp.org/www-community/attacks/Path_Traversal)",TP,medium,yes,1
GRP-vulnpy-CWE-22-079,bearer,vulnpy,CWE-22,info,src/vulnpy/trigger/pt.py:48,"## Description Using unsanitized dynamic input to determine file paths can allow attackers to gain access to files and folders outside of the intended scope. This vulnerability occurs when input provided by users is directly used to access the filesystem without proper validation or sanitization. ## Remediations - **Do not** directly use external input to construct file paths. This can lead to unauthorized file access. - **Do** use a safelist to define accessible paths or directories. Only allow user input to influence file paths within these predefined, safe boundaries. - **Do** use absolute path checks to confirm that the constructed path is within the expected directory ```python BASE_DIRECTORY = '/path/to/safe/directory' my_path = os.path.abspath(os.path.join(BASE_DIRECTORY, dynamic_input)) if my_path.startswith(BASE_DIRECTORY): open(my_path) ``` ## References - [OWASP Path Traversal](https://owasp.org/www-community/attacks/Path_Traversal)",TP,medium,yes,1
GRP-vulnpy-CWE-259-080,bandit,vulnpy,CWE-259,info,sources/vulnpy/apps/django_app.py:27,Possible hardcoded password: 'test_key',pending,low,no,1
GRP-vulnpy-CWE-264-081,trivy,vulnpy,CWE-264,low,login.defs@1:4.17.4-2,initscripts in rPath Linux 1 sets insecure permissions for the /var/lo ...,pending,low,no,1
GRP-vulnpy-CWE-264-082,trivy,vulnpy,CWE-264,low,passwd@1:4.17.4-2,initscripts in rPath Linux 1 sets insecure permissions for the /var/lo ...,pending,low,no,1
GRP-vulnpy-CWE-287-083,trivy,vulnpy,CWE-287,low,curl@8.14.1-2+deb13u2,"When doing SSH-based transfers using either SCP or SFTP, and asked to ...",pending,low,no,1
GRP-vulnpy-CWE-287-084,trivy,vulnpy,CWE-287,low,libcurl3t64-gnutls@8.14.1-2+deb13u2,"When doing SSH-based transfers using either SCP or SFTP, and asked to ...",pending,low,no,1
GRP-vulnpy-CWE-287-085,trivy,vulnpy,CWE-287,low,libcurl4t64@8.14.1-2+deb13u2,"When doing SSH-based transfers using either SCP or SFTP, and asked to ...",pending,low,no,1
GRP-vulnpy-CWE-295-086,trivy,vulnpy,CWE-295,medium,curl@8.14.1-2+deb13u2,When using `CURLOPT_PINNEDPUBLICKEY` option with libcurl or `--pinnedp ...,pending,low,no,1
GRP-vulnpy-CWE-295-087,trivy,vulnpy,CWE-295,medium,libcurl3t64-gnutls@8.14.1-2+deb13u2,When using `CURLOPT_PINNEDPUBLICKEY` option with libcurl or `--pinnedp ...,pending,low,no,1
GRP-vulnpy-CWE-295-088,trivy,vulnpy,CWE-295,medium,libcurl4t64@8.14.1-2+deb13u2,When using `CURLOPT_PINNEDPUBLICKEY` option with libcurl or `--pinnedp ...,pending,low,no,1
GRP-vulnpy-CWE-295-089,trivy,vulnpy,CWE-295,low,libldap2@2.6.10+dfsg-1,openldap: Certificate validation incorrectly matches name against CN-ID,pending,low,no,1
GRP-vulnpy-CWE-297-090,trivy,vulnpy,CWE-297,low,curl@8.14.1-2+deb13u2,"When doing SSH-based transfers using either SCP or SFTP, and setting t ...",pending,low,no,1
GRP-vulnpy-CWE-297-091,trivy,vulnpy,CWE-297,low,libcurl3t64-gnutls@8.14.1-2+deb13u2,"When doing SSH-based transfers using either SCP or SFTP, and setting t ...",pending,low,no,1
GRP-vulnpy-CWE-297-092,trivy,vulnpy,CWE-297,low,libcurl4t64@8.14.1-2+deb13u2,"When doing SSH-based transfers using either SCP or SFTP, and setting t ...",pending,low,no,1
GRP-vulnpy-CWE-326-093,trivy,vulnpy,CWE-326,low,libgnutls30t64@3.8.9-3+deb13u2,HTTPS: block-wise chosen-plaintext attack against SSL/TLS (BEAST),pending,low,no,1
GRP-vulnpy-CWE-327-094,bearer,vulnpy,CWE-327,info,src/vulnpy/trigger/rand.py:20,"## Description The `random` module in Python generates pseudorandom numbers that are not secure for cryptographic purposes. These numbers can be predicted if the seed is known, posing a risk to the security of applications that use them for generating secrets, tokens, or other security-sensitive elements. ## Remediations - **Do** use `secrets` instead of `random` for generating random numbers in contexts where security is crucial. This ensures the randomness is cryptographically secure and unpredictable. - **Do not** use `random` for generating random numbers in cryptographic applications, including but not limited to key generation, authentication tokens, or security challenges. - **Do not** initialize `random` with predictable seeds, such as timestamps or other easily guessable values, if it is required to use `random`. ## References - [secrets module documentation](https://docs.python.org/3/library/secrets.html)",pending,low,no,1
GRP-vulnpy-CWE-327-095,bandit,vulnpy,CWE-327,info,sources/vulnpy/apps/falcon_app.py:26,Use of weak MD5 hash for security. Consider usedforsecurity=False,pending,low,no,1
GRP-vulnpy-CWE-327-096,bandit,vulnpy,CWE-327,info,sources/vulnpy/src/vulnpy/trigger/hash.py:19,Use of weak MD5 hash for security. Consider usedforsecurity=False,pending,low,no,1
GRP-vulnpy-CWE-328-097,bearer,vulnpy,CWE-328,info,apps/falcon_app.py:26,"## Description Using a weak hashing library, such as MD5, increases the risk of data breaches. MD5 itself is vulnerable to collision attacks, where two different inputs can produce the same hash value, compromising data integrity and security. ## Remediations - **Do not** use MD5 for hashing. This algorithm is considered weak and vulnerable to attacks. ```python hashlib.md5('password').digest() # unsafe ``` - **Do** opt for stronger hashing algorithms like SHA-256 to enhance security. ```python hashlib.sha256('password').digest() ```",TP,medium,yes,1
GRP-vulnpy-CWE-330-098,trivy,vulnpy,CWE-330,low,libc-bin@2.41-12+deb13u1,glibc: information disclosure of heap addresses of pthread_created thread,TP,medium,yes,1
GRP-vulnpy-CWE-330-099,trivy,vulnpy,CWE-330,low,libc6@2.41-12+deb13u1,glibc: information disclosure of heap addresses of pthread_created thread,TP,medium,yes,1
GRP-vulnpy-CWE-330-100,bandit,vulnpy,CWE-330,info,sources/vulnpy/src/vulnpy/trigger/rand.py:20,Standard pseudo-random generators are not suitable for security/cryptographic purposes.,TP,medium,yes,1
GRP-vulnpy-CWE-345-101,zap,vulnpy,CWE-345,medium,http://host.docker.internal:5050,Sub Resource Integrity Attribute Missing,pending,low,no,1
GRP-vulnpy-CWE-347-102,trivy,vulnpy,CWE-347,low,apt@3.0.3,"It was found that apt-key in apt, all versions, do not correctly valid ...",pending,low,no,1
GRP-vulnpy-CWE-347-103,trivy,vulnpy,CWE-347,low,libapt-pkg7.0@3.0.3,"It was found that apt-key in apt, all versions, do not correctly valid ...",pending,low,no,1
GRP-vulnpy-CWE-352-104,zap,vulnpy,CWE-352,medium,http://host.docker.internal:5050/vulnpy/parameter_pollution/,Absence of Anti-CSRF Tokens,pending,low,no,1
GRP-vulnpy-CWE-354-105,trivy,vulnpy,CWE-354,low,libsystemd0@257.9-1~deb13u1,An issue was discovered in systemd 253. An attacker can modify a seale ...,pending,low,no,1
GRP-vulnpy-CWE-354-106,trivy,vulnpy,CWE-354,low,libudev1@257.9-1~deb13u1,An issue was discovered in systemd 253. An attacker can modify a seale ...,pending,low,no,1
GRP-vulnpy-CWE-362-107,trivy,vulnpy,CWE-362,low,coreutils@9.7-3,coreutils: race condition vulnerability in chown and chgrp,pending,low,no,1
GRP-vulnpy-CWE-399-108,trivy,vulnpy,CWE-399,low,libc-bin@2.41-12+deb13u1,glibc: glob implementation can cause excessive CPU and memory consumption due to crafted glob expressions,pending,low,no,1
GRP-vulnpy-CWE-399-109,trivy,vulnpy,CWE-399,low,libc6@2.41-12+deb13u1,glibc: glob implementation can cause excessive CPU and memory consumption due to crafted glob expressions,pending,low,no,1
GRP-vulnpy-CWE-401-110,trivy,vulnpy,CWE-401,low,libgssapi-krb5-2@1.21.3-5,krb5: Memory leak at /krb5/src/lib/rpc/pmap_rmt.c,pending,low,no,1
GRP-vulnpy-CWE-401-111,trivy,vulnpy,CWE-401,low,libk5crypto3@1.21.3-5,krb5: Memory leak at /krb5/src/lib/rpc/pmap_rmt.c,pending,low,no,1
GRP-vulnpy-CWE-401-112,trivy,vulnpy,CWE-401,low,libkrb5-3@1.21.3-5,krb5: Memory leak at /krb5/src/lib/rpc/pmap_rmt.c,pending,low,no,1
GRP-vulnpy-CWE-401-113,trivy,vulnpy,CWE-401,low,libkrb5support0@1.21.3-5,krb5: Memory leak at /krb5/src/lib/rpc/pmap_rmt.c,pending,low,no,1
GRP-vulnpy-CWE-401-114,trivy,vulnpy,CWE-401,low,libsqlite3-0@3.46.1-7,sqlite: crafted SQL query allows a malicious user to obtain sensitive information,pending,low,no,1
GRP-vulnpy-CWE-407-115,trivy,vulnpy,CWE-407,medium,libexpat1@2.7.1-2,libexpat: libexpat: Denial of service via crafted file processing,pending,low,no,1
GRP-vulnpy-CWE-476-116,trivy,vulnpy,CWE-476,low,libexpat1@2.7.1-2,libexpat: libexpat null pointer dereference,pending,low,no,1
GRP-vulnpy-CWE-502-117,bandit|bearer,vulnpy,CWE-502,info,src/vulnpy/trigger/deserialization.py:8,"## Description Using pickle, _pickle and cPickle can make your application vulnerable to unsafe code execution. This is because the deserialization logic of these libraries allows for arbitrary code execution. It is best practices to avoid these libraries and to use a safer serialization formats like JSON. ## Remediations - **Do not** use pickle or its derivatives for deserialization wherever possible. These libraries are open to security vulnerabilities. - **Do** use recommended safer formats like JSON, Protocol Buffers (protobuf) and MessagePack. ```python import msgpack #MessagePack data = {'key': 'value'} packed_data = msgpack.packb(data) ``` ## References - [OWASP Deserialization cheat sheet](https://cheatsheetseries.owasp.org/cheatsheets/Deserialization_Cheat_Sheet.html)",TP,high,yes,2
GRP-vulnpy-CWE-502-118,bandit,vulnpy,CWE-502,info,sources/vulnpy/tests/trigger/test_deserialization.py:1,Consider possible security implications associated with pickle module.,TP,medium,yes,1
GRP-vulnpy-CWE-524-119,zap,vulnpy,CWE-524,info,http://host.docker.internal:5050,Non-Storable Content,pending,low,no,1
GRP-vulnpy-CWE-524-120,zap,vulnpy,CWE-524,info,http://host.docker.internal:5050,Storable and Cacheable Content,pending,low,no,1
GRP-vulnpy-CWE-550-121,zap,vulnpy,CWE-550,low,http://host.docker.internal:5050/vulnpy/deserialization/pickle-load/?user_input=ZAP,Application Error Disclosure,pending,low,no,1
GRP-vulnpy-CWE-59-122,trivy,vulnpy,CWE-59,low,libperl5.40@5.40.1-6,perl: File:: Temp insecure temporary file handling,pending,low,no,1
GRP-vulnpy-CWE-59-123,trivy,vulnpy,CWE-59,low,libsystemd0@257.9-1~deb13u1,systemd: TOCTOU race condition when updating file permissions and SELinux security contexts,pending,low,no,1
GRP-vulnpy-CWE-59-124,trivy,vulnpy,CWE-59,low,libudev1@257.9-1~deb13u1,systemd: TOCTOU race condition when updating file permissions and SELinux security contexts,pending,low,no,1
GRP-vulnpy-CWE-59-125,trivy,vulnpy,CWE-59,low,perl@5.40.1-6,perl: File:: Temp insecure temporary file handling,pending,low,no,1
GRP-vulnpy-CWE-59-126,trivy,vulnpy,CWE-59,low,perl-base@5.40.1-6,perl: File:: Temp insecure temporary file handling,pending,low,no,1
GRP-vulnpy-CWE-59-127,trivy,vulnpy,CWE-59,low,perl-modules-5.40@5.40.1-6,perl: File:: Temp insecure temporary file handling,pending,low,no,1
GRP-vulnpy-CWE-598-128,zap,vulnpy,CWE-598,info,http://host.docker.internal:5050/vulnpy/cmdi/os-system/?user_input=ZAP,Information Disclosure - Sensitive Information in URL,pending,low,no,1
GRP-vulnpy-CWE-601-129,trivy,vulnpy,CWE-601,low,curl@8.14.1-2+deb13u2,"When an OAuth2 bearer token is used for an HTTP(S) transfer, and that ...",pending,low,no,1
GRP-vulnpy-CWE-601-130,trivy,vulnpy,CWE-601,low,libcurl3t64-gnutls@8.14.1-2+deb13u2,"When an OAuth2 bearer token is used for an HTTP(S) transfer, and that ...",pending,low,no,1
GRP-vulnpy-CWE-601-131,trivy,vulnpy,CWE-601,low,libcurl4t64@8.14.1-2+deb13u2,"When an OAuth2 bearer token is used for an HTTP(S) transfer, and that ...",pending,low,no,1
GRP-vulnpy-CWE-611-132,bearer,vulnpy,CWE-611,info,src/vulnpy/trigger/xxe.py:12,"## Description Certain XML parsers - like xml.sax and pulldom - are known to be vulnerable to XML parsing attacks such as Billion Laughs (exponential entity expansion). These parsers should be avoided. Avoid such vulnerable libraries, and as an additional precaution, use something like defusedxml to further mitigate XML vulnerabilities in Python. ## Remediations - **Do not** use XML parsers that are known to be vulnerable to external entity attacks. - **Do** exercise caution when parsing XML and always ensure parser input is sufficiently validated and sanitized. ## References - [Python XML parsers and their vulnerabilities](https://docs.python.org/3/library/xml.html#xml-vulnerabilities) - [The defusexml package](https://pypi.org/project/defusedxml/) - [OWASP XML External Entity (XXE) prevention cheat sheet](https://cheatsheetseries.owasp.org/cheatsheets/XML_External_Entity_Prevention_Cheat_Sheet.html#python)",TP,medium,yes,1
GRP-vulnpy-CWE-665-133,trivy,vulnpy,CWE-665,low,libldap2@2.6.10+dfsg-1,openldap: Privilege escalation via PID file manipulation,pending,low,no,1
GRP-vulnpy-CWE-668-134,trivy,vulnpy,CWE-668,low,git@1:2.47.3-0+deb13u1,"git: The --mirror option for git leaks secret for deleted content, aka the ""GitBleed""",pending,low,no,1
GRP-vulnpy-CWE-668-135,trivy,vulnpy,CWE-668,low,git-man@1:2.47.3-0+deb13u1,"git: The --mirror option for git leaks secret for deleted content, aka the ""GitBleed""",pending,low,no,1
GRP-vulnpy-CWE-674-136,trivy,vulnpy,CWE-674,low,libc-bin@2.41-12+deb13u1,glibc: uncontrolled recursion in function check_dst_limits_calc_pos_1 in posix/regexec.c,pending,low,no,1
GRP-vulnpy-CWE-674-137,trivy,vulnpy,CWE-674,low,libc6@2.41-12+deb13u1,glibc: uncontrolled recursion in function check_dst_limits_calc_pos_1 in posix/regexec.c,pending,low,no,1
GRP-vulnpy-CWE-693-138,zap,vulnpy,CWE-693,medium,http://host.docker.internal:5050,Content Security Policy (CSP) Header Not Set,pending,low,no,1
GRP-vulnpy-CWE-693-139,zap,vulnpy,CWE-693,low,http://host.docker.internal:5050,Cross-Origin-Embedder-Policy Header Missing or Invalid,pending,low,no,1
GRP-vulnpy-CWE-693-140,zap,vulnpy,CWE-693,low,http://host.docker.internal:5050,Cross-Origin-Opener-Policy Header Missing or Invalid,pending,low,no,1
GRP-vulnpy-CWE-693-141,zap,vulnpy,CWE-693,low,http://host.docker.internal:5050,Cross-Origin-Resource-Policy Header Missing or Invalid,pending,low,no,1
GRP-vulnpy-CWE-693-142,zap,vulnpy,CWE-693,low,http://host.docker.internal:5050,Permissions Policy Header Not Set,pending,low,no,1
GRP-vulnpy-CWE-693-143,zap,vulnpy,CWE-693,low,http://host.docker.internal:5050,X-Content-Type-Options Header Missing,pending,low,no,1
GRP-vulnpy-CWE-703-144,bandit,vulnpy,CWE-703,info,sources/vulnpy/src/vulnpy/falcon/vulnerable.py:37,"Try, Except, Pass detected.",pending,low,no,1
GRP-vulnpy-CWE-703-145,bandit,vulnpy,CWE-703,info,sources/vulnpy/src/vulnpy/falcon/vulnerable_asgi.py:37,"Try, Except, Pass detected.",pending,low,no,1
GRP-vulnpy-CWE-703-146,bandit,vulnpy,CWE-703,info,sources/vulnpy/src/vulnpy/trigger/pt.py:67,"Try, Except, Pass detected.",pending,low,no,1
GRP-vulnpy-CWE-703-147,bandit,vulnpy,CWE-703,info,sources/vulnpy/tests/aiohttp/test_vulnerable_async.py:31,Use of assert detected. The enclosed code will be removed when compiling to optimised byte code.,pending,low,no,1
GRP-vulnpy-CWE-703-148,bandit,vulnpy,CWE-703,info,sources/vulnpy/tests/bottle/test_vulnerable.py:19,Use of assert detected. The enclosed code will be removed when compiling to optimised byte code.,pending,low,no,1
GRP-vulnpy-CWE-703-149,bandit,vulnpy,CWE-703,info,sources/vulnpy/tests/django/test_vulnerable_asgi.py:25,Use of assert detected. The enclosed code will be removed when compiling to optimised byte code.,pending,low,no,1
GRP-vulnpy-CWE-703-150,bandit,vulnpy,CWE-703,info,sources/vulnpy/tests/flask/test_blueprint.py:21,Use of assert detected. The enclosed code will be removed when compiling to optimised byte code.,pending,low,no,1
GRP-vulnpy-CWE-703-151,bandit,vulnpy,CWE-703,info,sources/vulnpy/tests/pyramid/test_vulnerable_routes.py:20,Use of assert detected. The enclosed code will be removed when compiling to optimised byte code.,pending,low,no,1
GRP-vulnpy-CWE-703-152,bandit,vulnpy,CWE-703,info,sources/vulnpy/tests/trigger/base_test.py:35,Use of assert detected. The enclosed code will be removed when compiling to optimised byte code.,pending,low,no,1
GRP-vulnpy-CWE-703-153,bandit,vulnpy,CWE-703,info,sources/vulnpy/tests/trigger/test_pt.py:24,Use of assert detected. The enclosed code will be removed when compiling to optimised byte code.,pending,low,no,1
GRP-vulnpy-CWE-703-154,bandit,vulnpy,CWE-703,info,sources/vulnpy/tests/trigger/test_sqli.py:16,Use of assert detected. The enclosed code will be removed when compiling to optimised byte code.,pending,low,no,1
GRP-vulnpy-CWE-703-155,bandit,vulnpy,CWE-703,info,sources/vulnpy/tests/trigger/test_trigger.py:10,Use of assert detected. The enclosed code will be removed when compiling to optimised byte code.,pending,low,no,1
GRP-vulnpy-CWE-703-156,bandit,vulnpy,CWE-703,info,sources/vulnpy/tests/trigger/test_unsafe_code_exec.py:23,Use of assert detected. The enclosed code will be removed when compiling to optimised byte code.,pending,low,no,1
GRP-vulnpy-CWE-703-157,bandit,vulnpy,CWE-703,info,sources/vulnpy/tests/utils/test_utils_string.py:13,Use of assert detected. The enclosed code will be removed when compiling to optimised byte code.,pending,low,no,1
GRP-vulnpy-CWE-703-158,bandit,vulnpy,CWE-703,info,sources/vulnpy/tests/wsgi/test_app.py:18,Use of assert detected. The enclosed code will be removed when compiling to optimised byte code.,pending,low,no,1
GRP-vulnpy-CWE-77-159,trivy,vulnpy,CWE-77,medium,pip@23.0.1,pip: Mercurial configuration injectable in repo revision when installing via pip,pending,low,no,1
GRP-vulnpy-CWE-770-160,trivy,vulnpy,CWE-770,medium,libexpat1@2.7.1-2,expat: libexpat in Expat allows attackers to trigger large dynamic memory allocations via a small document that is submitted for parsing,pending,low,no,1
GRP-vulnpy-CWE-770-161,trivy,vulnpy,CWE-770,low,libgssapi-krb5-2@1.21.3-5,krb5: Memory leak at /krb5/src/lib/gssapi/krb5/k5sealv3.c,pending,low,no,1
GRP-vulnpy-CWE-770-162,trivy,vulnpy,CWE-770,low,libk5crypto3@1.21.3-5,krb5: Memory leak at /krb5/src/lib/gssapi/krb5/k5sealv3.c,pending,low,no,1
GRP-vulnpy-CWE-770-163,trivy,vulnpy,CWE-770,low,libkrb5-3@1.21.3-5,krb5: Memory leak at /krb5/src/lib/gssapi/krb5/k5sealv3.c,pending,low,no,1
GRP-vulnpy-CWE-770-164,trivy,vulnpy,CWE-770,low,libkrb5support0@1.21.3-5,krb5: Memory leak at /krb5/src/lib/gssapi/krb5/k5sealv3.c,pending,low,no,1
GRP-vulnpy-CWE-78-165,bandit|bearer,vulnpy,CWE-78,info,apps/falcon_app.py:64,"## Description Directly incorporating external or user-defined input into an OS command exposes the system to possible command injection attacks. This vulnerability allows attackers to execute unauthorized commands on the operating system, potentially leading to a compromise of system integrity. ## Remediations - **Do not** use OS commands that include dynamic input directly. Instead, explore safer alternatives such as libraries or built-in functions that achieve the same goal without executing system commands. - **Do** use hardcoded values for any input that is incorporated into OS commands. This approach minimizes the risk by ensuring only predefined inputs are used, thus preventing attackers from injecting malicious commands. Use safe lists or dictionaries if you need to be dynamic. ## References - [OWASP command injection explained](https://owasp.org/www-community/attacks/Command_Injection)",TP,high,yes,2
GRP-vulnpy-CWE-78-166,bandit|bearer,vulnpy,CWE-78,info,apps/fastapi_app.py:43,"## Description Directly incorporating external or user-defined input into an OS command exposes the system to possible command injection attacks. This vulnerability allows attackers to execute unauthorized commands on the operating system, potentially leading to a compromise of system integrity. ## Remediations - **Do not** use OS commands that include dynamic input directly. Instead, explore safer alternatives such as libraries or built-in functions that achieve the same goal without executing system commands. - **Do** use hardcoded values for any input that is incorporated into OS commands. This approach minimizes the risk by ensuring only predefined inputs are used, thus preventing attackers from injecting malicious commands. Use safe lists or dictionaries if you need to be dynamic. ## References - [OWASP command injection explained](https://owasp.org/www-community/attacks/Command_Injection)",TP,high,yes,2
GRP-vulnpy-CWE-78-167,bandit|bearer,vulnpy,CWE-78,info,src/vulnpy/trigger/cmdi.py:6,"## Description Directly incorporating external or user-defined input into an OS command exposes the system to possible command injection attacks. This vulnerability allows attackers to execute unauthorized commands on the operating system, potentially leading to a compromise of system integrity. ## Remediations - **Do not** use OS commands that include dynamic input directly. Instead, explore safer alternatives such as libraries or built-in functions that achieve the same goal without executing system commands. - **Do** use hardcoded values for any input that is incorporated into OS commands. This approach minimizes the risk by ensuring only predefined inputs are used, thus preventing attackers from injecting malicious commands. Use safe lists or dictionaries if you need to be dynamic. ## References - [OWASP command injection explained](https://owasp.org/www-community/attacks/Command_Injection)",TP,high,yes,2
GRP-vulnpy-CWE-78-168,bandit,vulnpy,CWE-78,info,sources/vulnpy/src/vulnpy/trigger/unsafe_code_exec.py:2,Use of exec detected.,TP,medium,yes,1
GRP-vulnpy-CWE-78-169,bandit,vulnpy,CWE-78,info,sources/vulnpy/tests/trigger/test_unsafe_code_exec.py:57,Use of exec detected.,TP,medium,yes,1
GRP-vulnpy-CWE-787-170,trivy,vulnpy,CWE-787,medium,libtasn1-6@4.20.0-2,libtasn1: libtasn1: Denial of Service via stack-based buffer overflow in asn1_expend_octet_string,pending,low,no,1
GRP-vulnpy-CWE-908-171,trivy,vulnpy,CWE-908,medium,libc-bin@2.41-12+deb13u1,glibc: wordexp with WRDE_REUSE and WRDE_APPEND may return uninitialized memory,pending,low,no,1
GRP-vulnpy-CWE-908-172,trivy,vulnpy,CWE-908,medium,libc6@2.41-12+deb13u1,glibc: wordexp with WRDE_REUSE and WRDE_APPEND may return uninitialized memory,pending,low,no,1
GRP-vulnpy-CWE-94-173,bearer,vulnpy,CWE-94,info,src/vulnpy/trigger/unsafe_code_exec.py:2,"## Description Allowing external input (dynamic or user-controlled) to directly influence code generation or scripting functions without proper sanitization can lead to code injection vulnerabilities. This occurs when an attacker is able to insert malicious code into your application, which is then executed, potentially leading to unauthorized actions or data access. ## Remediations - **Do not** pass unsanitized external input to functions or methods that dynamically execute code. - **Do** always validate or sanitize input to ensure it does not contain harmful code before using it in such contexts. ## References - [OWASP Code injection](https://owasp.org/www-community/attacks/Code_Injection)",TP,medium,yes,1
GRP-vulnpy-CWE-94-174,bearer,vulnpy,CWE-94,info,src/vulnpy/trigger/util.py:25,"## Description Allowing external input (dynamic or user-controlled) to directly influence code generation or scripting functions without proper sanitization can lead to code injection vulnerabilities. This occurs when an attacker is able to insert malicious code into your application, which is then executed, potentially leading to unauthorized actions or data access. ## Remediations - **Do not** pass unsanitized external input to functions or methods that dynamically execute code. - **Do** always validate or sanitize input to ensure it does not contain harmful code before using it in such contexts. ## References - [OWASP Code injection](https://owasp.org/www-community/attacks/Code_Injection)",TP,medium,yes,1
GRP-vulnpy-CWE-94-175,bandit,vulnpy,CWE-94,info,sources/vulnpy/apps/flask_app.py:11,"By default, jinja2 sets autoescape to False. Consider using autoescape=True or use the select_autoescape function to mitigate XSS vulnerabilities.",TP,medium,yes,1
GRP-vulnpy-CWE-95-176,bearer,vulnpy,CWE-95,info,src/vulnpy/trigger/unsafe_code_exec.py:6,"## Description Executing code with 'eval' or similar functions using unsanitized user input is risky and can lead to code injection vulnerabilities. This happens when external input is used directly in functions that execute code, allowing attackers to run malicious code within your application. ## Remediations - **Do not** use `eval` or similar code execution functions with unsanitized user input. This can create a significant security risk by allowing code injection. - **Do not** use `ast.literal_eval()` with unsanitized user input. While `literal_eval` is often considered to be less risky than `eval` because it evaluates strings as Python data structures only (integers, strings, dictionaries,etc), an attacker could exploit this function with deeply nested structures that could cause excessive memory allocation or stack consumption. - **Do** use dynamic hardcoded values instead of direct user input to mitigate the risk of code injection. This approach allows for controlled execution of code without exposing your application to injected malicious code. For example, use a dictionary to store functions, and call these based on user input. ```python def total_with_vat(a, b): total = a + b return total + total * 0.15 def total_without_vat(a, b): return a + b get_total = { ""incl_vat"": total_with_vat, ""excl_vat"": total_without_vat } if form.cleaned_data[""include_vat""]: total_func = get_total[""incl_vat""] total = total_func(a, b) # ... ``` ## References - [OWASP Code injection explained](https://owasp.org/www-community/attacks/Code_Injection)",pending,low,no,1
